City_ID,City,Country,Date,Lat,Lng,Max Temp,Humidity,Cloudiness,Wind Speed
0,Nipawin,CA,2021-06-02 21:00:14,53.3668,-104.0009,81.99,41,88,13.35
1,Alofi,NU,2021-06-02 21:00:15,-19.0595,-169.9187,78.37,73,100,8.75
2,Rikitea,PF,2021-06-02 21:00:15,-23.1203,-134.9692,72.09,65,69,17.4
3,Ribeira Grande,PT,2021-06-02 21:00:15,38.5167,-28.7,60.28,63,23,8.61
4,Charters Towers,AU,2021-06-02 21:00:16,-20.1,146.2667,60.4,94,67,7.0
5,Villazon,BO,2021-06-02 21:00:16,-22.0866,-65.5942,59.02,10,32,11.54
6,Cape Town,ZA,2021-06-02 20:57:43,-33.9258,18.4232,62.11,76,0,1.99
7,Tiksi,RU,2021-06-02 21:00:16,71.6872,128.8694,46.94,91,100,10.29
8,Bluff,NZ,2021-06-02 21:00:17,-46.6,168.3333,49.8,83,98,9.28
9,Oildale,US,2021-06-02 20:59:57,35.4197,-119.0195,105.58,17,54,3.0
10,Pevek,RU,2021-06-02 21:00:17,69.7008,170.3133,34.0,73,33,2.39
11,Tigzirt,DZ,2021-06-02 21:00:17,36.8886,4.1198,68.9,67,94,5.97
12,Mataura,NZ,2021-06-02 21:00:18,-46.1927,168.8643,49.48,96,39,2.84
13,Paamiut,GL,2021-06-02 21:00:18,61.994,-49.6678,37.18,97,100,11.9
14,Maningrida,AU,2021-06-02 21:00:18,-12.0667,134.2667,69.39,88,25,7.87
15,Sept-Iles,CA,2021-06-02 20:57:33,50.2001,-66.3821,65.25,54,75,5.01
16,Avarua,CK,2021-06-02 21:00:19,-21.2078,-159.775,78.85,69,54,10.36
17,Ardabil,IR,2021-06-02 21:00:19,38.2498,48.2933,70.25,24,0,16.51
18,Qaanaaq,GL,2021-06-02 21:00:19,77.484,-69.3632,27.93,80,99,3.11
19,Windhoek,NA,2021-06-02 21:00:20,-22.5594,17.0832,52.11,32,0,6.85
20,Ushuaia,AR,2021-06-02 21:00:20,-54.8,-68.3,24.19,95,26,5.01
21,La Palma,US,2021-06-02 21:00:21,33.8464,-118.0467,103.75,67,96,7.0
22,Nouakchott,MR,2021-06-02 21:00:21,18.0858,-15.9785,73.33,66,86,21.14
23,Butaritari,KI,2021-06-02 21:00:22,3.0707,172.7902,82.76,79,100,14.52
24,Norman Wells,CA,2021-06-02 21:00:22,65.282,-126.8329,48.04,75,100,3.78
25,Ihosy,MG,2021-06-02 21:00:23,-22.4,46.1167,62.35,95,76,6.87
26,Kapaa,US,2021-06-02 21:00:23,22.0752,-159.319,82.38,72,58,1.99
27,Puerto Ayora,EC,2021-06-02 21:00:24,-0.7393,-90.3518,77.56,80,89,5.99
28,Katsuura,JP,2021-06-02 21:00:25,35.1333,140.3,68.18,78,6,9.55
29,Atuona,PF,2021-06-02 21:00:25,-9.8,-139.0333,80.35,71,99,16.2
30,Bagli,IN,2021-06-02 21:00:26,22.65,76.35,85.78,36,95,4.12
31,Buena Vista,US,2021-06-02 21:00:27,43.4203,-83.8986,77.05,50,75,10.36
32,Vulcan,RO,2021-06-02 21:00:27,45.3833,23.2667,45.7,92,99,4.38
33,Georgetown,MY,2021-06-02 21:00:15,5.4112,100.3354,81.9,86,20,3.62
34,Radishchevo,RU,2021-06-02 21:00:27,52.85,47.8833,52.99,71,72,15.28
35,Busselton,AU,2021-06-02 21:00:28,-33.65,115.3333,59.94,71,100,2.55
36,Jiuquan,CN,2021-06-02 21:00:28,39.7432,98.5174,53.91,15,4,6.53
37,Kokoda,PG,2021-06-02 21:00:29,-8.8785,147.7407,73.85,93,46,2.46
38,Lagunas,PE,2021-06-02 21:00:29,-5.2269,-75.6753,85.44,65,77,0.22
39,Vaini,TO,2021-06-02 21:00:30,-21.2,-175.2,73.02,63,68,10.98
40,New Norfolk,AU,2021-06-02 21:00:31,-42.7826,147.0587,54.88,78,79,2.44
41,Aasiaat,GL,2021-06-02 21:00:31,68.7098,-52.8699,37.17,72,12,9.64
42,Bjerkvik,NO,2021-06-02 21:00:32,68.5597,17.5189,60.62,46,12,3.8
43,Cherskiy,RU,2021-06-02 21:00:32,68.75,161.3,57.18,31,23,9.55
44,Port Macquarie,AU,2021-06-02 21:00:33,-31.4333,152.9167,51.39,75,97,6.35
45,Palestine,PS,2021-06-02 21:00:34,31.9216,35.2033,63.36,87,0,5.21
46,Lagoa,PT,2021-06-02 21:00:34,39.05,-27.9833,59.61,64,36,7.72
47,Palmas,BR,2021-06-02 21:00:35,-10.2128,-48.3603,81.46,48,12,3.56
48,Constantine,DZ,2021-06-02 21:00:35,36.365,6.6147,67.44,79,74,1.12
49,Hilo,US,2021-06-02 21:00:35,19.7297,-155.09,79.79,81,63,5.01
50,Barrow,US,2021-06-02 21:00:03,71.2906,-156.7887,30.78,83,100,19.01
51,Luganville,VU,2021-06-02 21:00:36,-15.5333,167.1667,76.8,78,91,9.75
52,Hithadhoo,MV,2021-06-02 21:00:37,-0.6,73.0833,83.48,68,96,18.12
53,Bethel,US,2021-06-02 20:57:05,41.3712,-73.414,74.08,69,100,7.87
54,Kodiak,US,2021-06-02 21:00:37,57.79,-152.4072,46.27,87,93,6.87
55,Skibbereen,IE,2021-06-02 21:00:38,51.55,-9.2667,57.0,98,92,2.8
56,Vostok,RU,2021-06-02 21:00:38,46.4856,135.8833,47.89,97,100,5.26
57,Albany,US,2021-06-02 20:58:49,42.6001,-73.9662,72.25,80,100,3.76
58,Punta Arenas,CL,2021-06-02 20:58:04,-53.15,-70.9167,33.82,69,20,4.72
59,Harvard,US,2021-06-02 21:00:39,42.4222,-88.6137,78.78,38,58,5.14
60,Korla,CN,2021-06-02 21:00:39,41.7597,86.1469,78.39,22,3,8.63
61,Igarka,RU,2021-06-02 21:00:40,67.4667,86.5833,33.35,100,100,3.15
62,Hofn,IS,2021-06-02 21:00:41,64.2539,-15.2082,46.53,98,100,14.36
63,Mar Del Plata,AR,2021-06-02 21:00:41,-38.0023,-57.5575,53.1,52,83,1.01
64,San Policarpo,PH,2021-06-02 21:00:42,12.1791,125.5072,77.99,82,100,4.7
65,Yellowknife,CA,2021-06-02 21:00:08,62.456,-114.3525,62.6,67,40,3.44
66,Sao Filipe,CV,2021-06-02 21:00:43,14.8961,-24.4956,73.44,78,37,6.11
67,Sao Joao Da Barra,BR,2021-06-02 21:00:43,-21.6403,-41.0511,72.66,84,0,10.07
68,Dikson,RU,2021-06-02 21:00:43,73.5069,80.5464,29.75,97,72,5.68
69,Vila Franca Do Campo,PT,2021-06-02 21:00:44,37.7167,-25.4333,61.21,66,83,6.22
70,Russell,US,2021-06-02 21:00:45,32.3502,-85.1999,86.97,56,100,5.55
71,Cicero Dantas,BR,2021-06-02 21:00:45,-10.6,-38.3833,70.2,93,55,8.05
72,Hasaki,JP,2021-06-02 21:00:46,35.7333,140.8333,66.29,77,3,11.36
73,La Libertad,EC,2021-06-02 20:59:17,-2.2333,-80.9,73.06,88,90,11.79
74,Mandalgovi,MN,2021-06-02 21:00:46,45.7625,106.2708,41.63,89,91,12.19
75,Lebu,CL,2021-06-02 21:00:47,-37.6167,-73.65,55.89,93,100,9.91
76,Bredasdorp,ZA,2021-06-02 21:00:47,-34.5322,20.0403,53.28,82,26,8.01
77,Hermanus,ZA,2021-06-02 21:00:48,-34.4187,19.2345,61.9,79,34,14.32
78,Jamestown,US,2021-06-02 20:59:17,42.097,-79.2353,66.52,85,100,6.04
79,Kapit,MY,2021-06-02 21:00:48,2.0167,112.9333,72.75,99,100,1.3
80,Uyo,NG,2021-06-02 21:00:49,5.0333,7.9266,74.59,96,76,3.18
81,Kyren,RU,2021-06-02 21:00:49,51.6828,102.1408,49.8,60,0,2.77
82,Faya,SA,2021-06-02 21:00:50,18.3851,42.4509,71.55,21,52,7.09
83,Talnakh,RU,2021-06-02 21:00:50,69.4865,88.3972,33.22,90,100,4.92
84,Letterkenny,IE,2021-06-02 21:00:51,54.95,-7.7333,58.62,98,100,3.89
85,Mahon,ES,2021-06-02 21:00:51,39.8885,4.2658,68.56,88,40,10.36
86,Faanui,PF,2021-06-02 21:00:52,-16.4833,-151.75,80.67,72,88,13.11
87,Ancud,CL,2021-06-02 21:00:52,-41.8697,-73.8203,54.23,95,100,18.01
88,Maku,IR,2021-06-02 21:00:53,39.2911,44.4521,61.34,40,0,8.12
89,Torbay,CA,2021-06-02 21:00:53,47.6666,-52.7314,68.76,73,2,18.84
90,Guerrero Negro,MX,2021-06-02 21:00:54,27.9769,-114.0611,72.36,51,3,13.33
91,Vao,NC,2021-06-02 21:00:54,-22.6667,167.4833,70.18,67,61,8.57
92,Castro,BR,2021-06-02 20:57:48,-24.7911,-50.0119,59.63,93,64,4.12
93,Zhongxing,CN,2021-06-02 21:00:55,33.7039,118.6792,68.0,93,100,7.87
94,Kimbe,PG,2021-06-02 21:00:55,-5.5502,150.1429,76.87,89,92,2.8
95,Severo-Kurilsk,RU,2021-06-02 21:00:56,50.6789,156.125,42.33,87,26,9.86
96,Khilok,RU,2021-06-02 21:00:56,51.3674,110.4676,41.79,95,94,3.24
97,Leh,IN,2021-06-02 21:00:57,34.1667,77.5833,48.81,49,96,4.23
98,Ostrovnoy,RU,2021-06-02 21:00:57,68.0531,39.5131,46.8,84,47,5.23
99,Lodja,CD,2021-06-02 21:00:58,-3.4833,23.4333,76.01,50,100,1.45
100,Geraldton,AU,2021-06-02 21:00:58,-28.7667,114.6,52.21,82,0,11.07
101,Wahiawa,US,2021-06-02 21:00:59,21.5028,-158.0236,80.76,64,77,7.02
102,Port Alfred,ZA,2021-06-02 21:00:38,-33.5906,26.891,60.58,88,97,15.61
103,Pangnirtung,CA,2021-06-02 21:01:00,66.1451,-65.7125,33.8,93,90,9.22
104,Redmond,US,2021-06-02 20:59:21,47.674,-122.1215,92.98,44,3,7.0
105,Codrington,AU,2021-06-02 21:01:00,-38.2667,141.9667,49.24,89,54,6.76
106,Pervomayskiy,RU,2021-06-02 21:01:01,53.2485,40.2871,50.13,71,93,13.94
107,Iqaluit,CA,2021-06-02 21:01:01,63.7506,-68.5145,33.53,93,90,18.01
108,Saldanha,ZA,2021-06-02 21:01:02,-33.0117,17.9442,59.27,85,17,13.76
109,Kirkland Lake,CA,2021-06-02 21:00:08,48.1446,-80.0377,75.18,29,100,8.43
110,Riyadh,SA,2021-06-02 21:01:02,24.6877,46.7219,91.96,12,43,5.23
111,Fort Saint James,CA,2021-06-02 21:01:03,54.4333,-124.25,76.71,35,97,8.28
112,Goderich,CA,2021-06-02 20:56:21,43.7501,-81.7165,75.2,35,100,5.75
113,Vozuca,BA,2021-06-02 21:01:04,44.3614,18.3578,55.67,88,41,2.98
114,Chokurdakh,RU,2021-06-02 21:01:04,70.6333,147.9167,67.17,23,16,2.73
115,Roma,US,2021-06-02 21:01:03,43.2128,-75.4557,71.4,60,75,11.5
116,Nargana,PA,2021-06-02 21:01:05,9.4428,-78.5906,81.61,80,100,3.94
117,Broome,US,2021-06-02 21:01:05,42.2506,-75.833,66.97,93,90,7.0
118,Kurilsk,RU,2021-06-02 21:01:05,45.2333,147.8833,47.44,68,28,1.68
119,Uinskoye,RU,2021-06-02 21:01:06,56.8817,56.5813,45.55,65,23,7.81
120,Pochutla,MX,2021-06-02 21:01:06,15.7432,-96.4661,88.83,51,67,8.01
121,Carnarvon,AU,2021-06-02 21:01:06,-24.8667,113.6333,63.25,53,100,16.4
122,Saskylakh,RU,2021-06-02 21:01:07,71.9167,114.0833,35.2,82,100,19.15
123,Winslow,US,2021-06-02 21:01:07,35.0242,-110.6974,90.97,9,100,3.0
124,Victoria,HK,2021-06-02 20:57:33,22.2855,114.1577,85.32,89,100,1.01
125,Port Elizabeth,ZA,2021-06-02 21:01:08,-33.918,25.5701,59.29,94,90,10.36
126,Vila Velha,BR,2021-06-02 20:58:35,-20.3297,-40.2925,76.95,88,20,1.99
127,Moron,AR,2021-06-02 21:01:08,-34.6534,-58.6198,59.99,49,1,6.29
128,Half Moon Bay,US,2021-06-02 21:01:08,37.4636,-122.4286,87.49,67,40,9.22
129,Arraial Do Cabo,BR,2021-06-02 21:01:09,-22.9661,-42.0278,72.97,86,0,10.63
130,Cayenne,GF,2021-06-02 21:01:09,4.9333,-52.3333,84.24,79,0,5.01
131,Qaqortoq,GL,2021-06-02 21:01:09,60.7167,-46.0333,48.7,83,100,15.66
132,Krasnovishersk,RU,2021-06-02 21:01:10,60.4078,57.082,40.8,62,75,2.53
133,Nanortalik,GL,2021-06-02 21:01:10,60.1432,-45.2371,40.19,82,100,15.37
134,Aykhal,RU,2021-06-02 21:01:10,66.0,111.5,60.35,57,68,5.68
135,Lima,PE,2021-06-02 21:00:00,-12.0432,-77.0282,64.9,81,90,8.05
136,Malm,NO,2021-06-02 21:01:11,64.0721,11.2172,62.44,66,18,3.31
137,Altamira,BR,2021-06-02 20:59:57,-3.2033,-52.2064,87.89,70,40,0.0
138,Naze,JP,2021-06-02 21:01:11,28.3667,129.4833,73.69,90,99,11.79
139,West Bay,KY,2021-06-02 21:01:11,19.3667,-81.4167,83.07,84,39,1.01
140,Havoysund,NO,2021-06-02 21:01:12,70.9963,24.6622,54.48,82,6,8.05
141,Clacton-On-Sea,GB,2021-06-02 21:01:12,51.7897,1.156,67.19,84,40,1.99
142,Passo De Camaragibe,BR,2021-06-02 21:01:12,-9.2368,-35.4901,78.35,83,0,4.56
143,Saint-Augustin,CA,2021-06-02 21:01:13,51.226,-58.6502,61.57,48,41,6.62
144,Saint-Joseph,RE,2021-06-02 21:01:13,-21.3667,55.6167,71.98,80,95,15.46
145,Taksimo,RU,2021-06-02 21:01:13,56.3444,114.8794,53.04,90,100,2.21
146,Kahului,US,2021-06-02 21:01:14,20.8947,-156.47,88.54,62,15,14.0
147,Margate,GB,2021-06-02 21:01:14,51.3813,1.3862,63.88,60,36,5.3
148,Bambous Virieux,MU,2021-06-02 21:01:14,-20.3428,57.7575,76.21,70,68,17.78
149,Tuktoyaktuk,CA,2021-06-02 21:01:15,69.4541,-133.0374,36.0,74,92,9.98
150,Springbok,ZA,2021-06-02 21:01:15,-29.6643,17.8865,51.3,34,6,10.56
151,Hualmay,PE,2021-06-02 21:01:15,-11.0964,-77.6139,67.6,76,78,7.2
152,College,US,2021-06-02 21:01:16,64.8569,-147.8028,64.09,58,90,1.32
153,Puerto Baquerizo Moreno,EC,2021-06-02 21:01:16,-0.9,-89.6,73.49,75,63,14.32
154,Vardo,NO,2021-06-02 21:01:16,70.3705,31.1107,57.4,70,23,4.83
155,Saint-Philippe,RE,2021-06-02 21:01:17,-21.3585,55.7679,72.99,82,99,15.61
156,Shakhovskaya,RU,2021-06-02 21:01:17,56.0283,35.5097,47.64,87,37,7.07
157,Hamilton,US,2021-06-02 20:56:47,39.1834,-84.5333,66.47,96,90,1.01
158,Acajutla,SV,2021-06-02 20:56:50,13.5928,-89.8275,93.79,63,68,8.3
159,San Rafael Del Sur,NI,2021-06-02 21:01:18,11.8485,-86.4384,94.17,37,38,7.78
160,Kyra,RU,2021-06-02 21:01:18,49.5776,111.9753,42.64,96,98,4.63
161,Bam,IR,2021-06-02 21:01:18,29.106,58.357,91.85,7,15,3.71
162,Quatre Cocos,MU,2021-06-02 21:01:19,-20.2078,57.7625,76.08,69,58,17.69
163,Esperance,AU,2021-06-02 21:01:19,-33.8667,121.9,59.32,75,76,7.31
164,Boyolangu,ID,2021-06-02 21:01:19,-8.1181,111.8935,73.29,90,63,1.5
165,Sagua La Grande,CU,2021-06-02 21:01:20,22.8067,-80.0756,84.65,62,75,12.06
166,Ilulissat,GL,2021-06-02 21:01:20,69.2167,-51.1,42.82,56,3,5.75
167,Road Town,VG,2021-06-02 21:00:14,18.4167,-64.6167,83.19,72,100,16.15
168,Richards Bay,ZA,2021-06-02 21:01:20,-28.783,32.0377,60.46,76,20,8.16
169,Nkhotakota,MW,2021-06-02 21:01:21,-12.9274,34.2961,70.12,81,46,2.17
170,Savannakhet,LA,2021-06-02 21:01:21,16.566,104.751,82.29,70,93,5.41
171,Vicuna,CL,2021-06-02 21:01:21,-30.0319,-70.7081,82.78,22,0,2.48
172,Kutina,HR,2021-06-02 21:01:22,45.475,16.7819,62.58,80,16,4.27
173,Khatanga,RU,2021-06-02 21:01:22,71.9667,102.5,34.43,81,99,1.32
174,Tucano,BR,2021-06-02 21:01:22,-10.9631,-38.7867,72.25,92,52,8.66
175,Awbari,LY,2021-06-02 21:01:23,26.5921,12.7805,90.86,15,15,1.63
176,Praya,CV,2021-06-02 21:01:23,14.9215,-23.5087,71.85,83,15,14.05
177,Kruisfontein,ZA,2021-06-02 21:01:19,-34.0033,24.7314,57.54,85,100,10.98
178,Hobart,AU,2021-06-02 20:59:00,-42.8794,147.3294,55.22,80,0,1.99
179,Le Port,RE,2021-06-02 21:01:23,-20.9373,55.2919,73.4,88,95,9.91
180,Acapulco,MX,2021-06-02 21:01:24,16.8634,-99.8901,89.6,56,87,9.84
181,Ulladulla,AU,2021-06-02 21:01:24,-35.35,150.4667,51.1,64,100,1.79
182,Tuatapere,NZ,2021-06-02 21:01:24,-46.1333,167.6833,49.82,90,47,4.94
183,Alyangula,AU,2021-06-02 21:01:25,-13.8483,136.4192,74.08,79,24,6.78
184,Kysyl-Syr,RU,2021-06-02 21:01:25,63.8986,122.7617,60.19,69,37,4.61
185,Laguna,US,2021-06-02 21:01:25,38.421,-121.4238,103.66,31,1,3.0
186,Garrel,DE,2021-06-02 21:01:26,52.95,8.0167,71.38,81,100,8.95
187,Marsh Harbour,BS,2021-06-02 21:01:26,26.5412,-77.0636,78.26,81,100,17.56
188,Saint-Gilles,FR,2021-06-02 21:01:26,43.6766,4.4302,68.58,77,0,2.3
189,Hukuntsi,BW,2021-06-02 21:01:27,-24.0,21.75,48.47,40,0,6.55
190,Gat,IL,2021-06-02 21:01:27,31.61,34.7642,71.82,62,0,6.62
191,Sweetwater,US,2021-06-02 21:00:18,25.7634,-80.3731,88.02,68,98,1.01
192,Tezu,IN,2021-06-02 21:01:27,27.9167,96.1667,73.0,97,67,3.4
193,Canavieiras,BR,2021-06-02 21:01:28,-15.675,-38.9472,73.96,82,39,5.53
194,Jalu,LY,2021-06-02 21:01:28,29.0331,21.5482,83.7,25,4,8.77
195,Port Hawkesbury,CA,2021-06-02 21:01:29,45.6169,-61.3485,73.58,60,2,7.31
196,Port Hardy,CA,2021-06-02 21:01:29,50.6996,-127.4199,61.29,78,100,1.39
197,Fortuna,US,2021-06-02 21:01:29,40.5982,-124.1573,94.48,76,20,4.0
198,Honiara,SB,2021-06-02 21:01:29,-9.4333,159.95,80.87,79,74,6.17
199,Longyearbyen,SJ,2021-06-02 21:01:30,78.2186,15.6401,37.24,81,90,28.77
200,Mahanoro,MG,2021-06-02 21:01:30,-19.9,48.8,68.16,93,10,6.24
201,Ocampo,MX,2021-06-02 21:01:30,21.65,-101.5,64.8,58,100,8.16
202,La Paz,BO,2021-06-02 20:58:19,-16.5,-68.15,64.38,9,37,10.36
203,Kaitangata,NZ,2021-06-02 21:01:31,-46.2817,169.8464,43.18,87,18,6.44
204,Pudozh,RU,2021-06-02 21:01:31,61.8099,36.5345,50.11,79,67,4.0
205,Vestmanna,FO,2021-06-02 21:01:31,62.1564,-7.1664,47.32,100,75,4.41
206,Leningradskiy,RU,2021-06-02 21:01:32,69.3833,178.4167,29.26,88,38,10.8
207,Port Lincoln,AU,2021-06-02 21:01:32,-34.7333,135.8667,59.07,80,92,12.97
208,Daud Khel,PK,2021-06-02 21:01:32,32.875,71.5701,90.63,31,12,2.24
209,Haines Junction,CA,2021-06-02 21:01:33,60.7522,-137.5108,55.98,51,100,7.43
210,Jumla,NP,2021-06-02 21:01:33,29.2747,82.1838,52.86,86,18,2.93
211,Husavik,IS,2021-06-02 21:01:33,66.0449,-17.3389,46.24,75,19,4.14
212,Fougamou,GA,2021-06-02 21:01:34,-1.2154,10.5838,73.99,96,54,2.15
213,Nelson Bay,AU,2021-06-02 21:01:34,-32.7167,152.15,55.69,95,99,7.56
214,Ponta Do Sol,PT,2021-06-02 21:01:34,32.6667,-17.1,65.12,56,97,9.24
215,Katangli,RU,2021-06-02 21:01:35,51.7102,143.2326,50.7,84,26,6.24
216,Mao,ES,2021-06-02 21:01:35,39.8885,4.2658,68.56,88,40,10.36
217,Asyut,EG,2021-06-02 21:01:35,27.181,31.1837,82.65,22,7,20.76
218,Neryungri,RU,2021-06-02 21:01:35,56.6709,124.6491,45.03,91,39,2.62
219,Sao Raimundo Nonato,BR,2021-06-02 21:01:36,-9.0153,-42.6994,85.14,35,67,6.91
220,Puksoozero,RU,2021-06-02 21:01:36,62.5903,40.6066,46.17,93,94,4.18
221,Diffa,NE,2021-06-02 21:01:36,13.3154,12.6113,88.3,40,78,15.43
222,Yerbogachen,RU,2021-06-02 21:01:37,61.2767,108.0108,57.92,56,0,4.36
223,Elizabeth City,US,2021-06-02 21:01:37,36.2946,-76.2511,74.98,90,100,8.23
224,Peterhead,GB,2021-06-02 21:01:37,57.5058,-1.7981,52.12,93,5,13.24
225,Mandera,KE,2021-06-02 21:01:38,3.9366,41.867,84.15,47,96,20.07
226,Les Cayes,HT,2021-06-02 21:01:38,18.2,-73.75,83.21,68,39,11.63
227,Ereymentau,KZ,2021-06-02 21:01:38,51.6199,73.1033,62.55,73,100,12.17
228,Santa Cruz,BO,2021-06-02 21:00:07,-17.8,-63.1667,81.68,50,67,10.96
229,Mayo,US,2021-06-02 21:01:39,38.8876,-76.5119,84.24,58,100,4.0
230,Bac Lieu,VN,2021-06-02 21:01:39,9.285,105.7244,82.36,83,91,8.05
231,Buala,SB,2021-06-02 21:01:39,-8.145,159.5921,80.92,81,92,3.4
232,Upernavik,GL,2021-06-02 21:01:13,72.7868,-56.1549,32.18,84,100,8.12
233,Achutupo,PA,2021-06-02 21:01:40,9.2,-77.9833,81.79,79,100,3.91
234,Krasnyy Yar,RU,2021-06-02 21:01:40,46.5331,48.3456,67.96,76,96,14.88
235,Groningen,NL,2021-06-02 21:01:40,53.25,6.75,68.27,81,100,7.81
236,Salalah,OM,2021-06-02 21:01:41,17.0151,54.0924,79.65,81,99,6.87
237,Severnyy,RU,2021-06-02 21:01:41,50.677,36.5532,60.84,51,0,15.66
238,Labuhan,ID,2021-06-02 21:01:41,-6.8844,112.2051,77.68,89,100,8.46
239,Bubaque,GW,2021-06-02 21:01:42,11.2833,-15.8333,80.2,76,7,16.64
240,Zabaykalsk,RU,2021-06-02 21:01:42,49.6333,117.3167,51.75,76,100,9.98
241,Ankang,CN,2021-06-02 21:01:42,32.68,109.0172,64.85,89,100,2.66
242,Asau,RO,2021-06-02 21:01:43,46.4333,26.4,51.96,82,100,4.88
243,Mascota,MX,2021-06-02 21:01:43,20.5167,-104.7833,72.32,50,100,3.83
244,Los Llanos De Aridane,ES,2021-06-02 21:01:43,28.6585,-17.9182,65.95,89,75,10.51
245,Mount Gambier,AU,2021-06-02 21:01:44,-37.8333,140.7667,44.51,93,90,1.14
246,Bouna,CI,2021-06-02 21:01:44,9.2667,-3.0,82.18,62,81,5.26
247,Sirjan,IR,2021-06-02 21:01:44,29.452,55.6814,80.51,11,17,2.06
248,Poum,NC,2021-06-02 21:01:45,-20.2333,164.0167,72.1,63,84,10.04
249,Ust-Koksa,RU,2021-06-02 21:01:45,50.2696,85.6108,54.48,90,71,1.48
250,Imbituba,BR,2021-06-02 21:01:45,-28.24,-48.6703,66.38,78,100,0.83
251,Thompson,CA,2021-06-02 21:00:41,55.7435,-97.8558,77.4,36,95,13.94
252,Kleive,NO,2021-06-02 21:01:46,62.7954,7.6359,62.83,51,22,0.31
253,Havre-Saint-Pierre,CA,2021-06-02 21:01:46,50.2334,-63.5986,52.18,72,47,21.09
254,Wangqing,CN,2021-06-02 21:01:46,43.3218,129.7634,56.21,99,100,1.74
255,Prince George,CA,2021-06-02 21:01:47,53.9166,-122.753,78.26,42,88,1.01
256,Shangzhi,CN,2021-06-02 21:01:47,45.2167,127.9667,54.32,94,100,10.29
257,Cleburne,US,2021-06-02 21:01:47,32.3476,-97.3867,83.41,62,75,0.0
258,Felipe Carrillo Puerto,MX,2021-06-02 21:01:48,19.5833,-88.05,93.45,39,31,9.26
259,Tasiilaq,GL,2021-06-02 21:01:48,65.6145,-37.6368,39.36,81,36,5.21
260,Santona,ES,2021-06-02 21:01:48,43.4439,-3.4576,64.71,93,61,2.93
261,Henties Bay,NA,2021-06-02 21:01:49,-22.116,14.2845,64.83,57,0,4.52
262,Nome,US,2021-06-02 21:01:49,64.5011,-165.4064,47.16,45,42,4.5
263,Torit,SS,2021-06-02 21:01:49,4.4133,32.5678,73.08,83,100,0.81
264,Cap Malheureux,MU,2021-06-02 21:01:08,-19.9842,57.6142,76.46,68,40,10.0
265,Mendi,PG,2021-06-02 21:01:50,-6.1761,143.6513,56.97,97,100,0.83
266,Avera,US,2021-06-02 21:01:50,33.194,-82.5271,86.45,33,100,6.62
267,Derzhavinsk,KZ,2021-06-02 21:01:50,51.1,66.3167,66.96,51,100,11.25
268,Dingle,PH,2021-06-02 21:01:50,10.9995,122.6711,76.84,91,100,5.37
269,Bafia,CM,2021-06-02 21:01:51,4.75,11.2333,71.4,97,100,3.94
270,Bilibino,RU,2021-06-02 21:01:35,68.0546,166.4372,58.53,34,3,3.69
271,Shenjiamen,CN,2021-06-02 21:01:51,29.9576,122.298,71.06,99,94,8.37
272,Coquimbo,CL,2021-06-02 21:01:51,-29.9533,-71.3436,56.93,94,40,10.76
273,Moissala,TD,2021-06-02 21:01:52,8.3404,17.7663,74.86,71,82,4.81
274,Payo,ID,2021-06-02 21:01:52,-3.7508,103.6372,72.09,97,52,2.04
275,Carora,VE,2021-06-02 21:01:52,10.1755,-70.0827,85.8,50,100,3.69
276,Ust-Nera,RU,2021-06-02 21:01:53,64.5667,143.2,49.59,57,11,2.75
277,Enshi,CN,2021-06-02 21:01:53,30.3,109.4833,69.4,97,97,3.0
278,Bollnas,SE,2021-06-02 21:01:53,61.3482,16.3946,50.4,70,41,3.78
279,Barinas,VE,2021-06-02 21:01:54,8.6226,-70.2075,96.84,44,79,6.91
280,Belmonte,BR,2021-06-02 21:01:54,-15.8631,-38.8828,77.5,81,31,7.31
281,Toora-Khem,RU,2021-06-02 21:01:54,52.4675,96.11,46.35,71,74,2.39
282,Shostka,UA,2021-06-02 21:01:55,51.863,33.4698,50.86,81,68,11.1
283,Constitucion,CL,2021-06-02 21:01:55,-35.3333,-72.4167,60.24,76,46,12.86
284,Nishihara,JP,2021-06-02 21:01:55,26.1842,127.7558,78.08,100,40,9.08
285,Menongue,AO,2021-06-02 21:01:55,-14.6585,17.691,54.12,44,32,3.62
286,Yulara,AU,2021-06-02 21:01:56,-25.2406,130.9889,50.59,80,66,9.26
287,Petukhovo,RU,2021-06-02 21:01:56,55.0692,67.9019,54.43,64,35,5.68
288,Coihaique,CL,2021-06-02 21:01:56,-45.5752,-72.0662,40.41,97,100,2.53
289,Nassau,US,2021-06-02 21:01:00,40.7507,-73.5829,74.95,66,1,5.01
290,Provideniya,RU,2021-06-02 21:01:57,64.3833,-173.3,39.31,60,20,4.47
291,Bengkulu,ID,2021-06-02 21:01:57,-3.8004,102.2655,76.87,84,67,4.65
292,Torrington,US,2021-06-02 21:01:58,41.8007,-73.1212,74.88,67,100,7.2
293,Fitchburg,US,2021-06-02 20:58:50,42.5834,-71.8023,81.21,37,100,1.99
294,Micheweni,TZ,2021-06-02 21:01:58,-4.9667,39.8333,76.53,80,38,9.78
295,Vohibinany,MG,2021-06-02 21:01:58,-17.35,49.0333,64.72,96,100,2.75
296,San Quintin,MX,2021-06-02 21:01:59,30.4833,-115.95,67.5,68,8,11.3
297,Cabo San Lucas,MX,2021-06-02 21:01:59,22.8909,-109.9124,97.52,45,30,8.08
298,Erenhot,CN,2021-06-02 21:01:59,43.6475,111.9767,48.02,43,9,12.35
299,Ocos,GT,2021-06-02 21:01:59,14.5094,-92.1933,88.9,66,26,7.47
300,Saquena,PE,2021-06-02 21:02:00,-4.6667,-73.5167,81.5,89,24,1.03
301,Wildomar,US,2021-06-02 21:02:00,33.5989,-117.28,103.8,32,1,1.01
302,Parry Sound,CA,2021-06-02 21:02:00,45.3501,-80.033,76.87,42,39,4.76
303,Dingzhou,CN,2021-06-02 21:02:01,38.5131,114.9956,65.59,50,100,7.36
304,Tenabo,MX,2021-06-02 21:02:01,20.05,-90.2333,93.65,40,53,9.44
305,Chapais,CA,2021-06-02 21:02:01,49.7834,-74.8492,71.24,36,99,8.97
306,Saint-Pierre,RE,2021-06-02 21:02:02,-21.3393,55.4781,73.08,70,0,5.75
307,Namibe,AO,2021-06-02 21:02:02,-15.1961,12.1522,71.58,81,93,4.25
308,Ponta Delgada,PT,2021-06-02 21:02:02,37.7333,-25.6667,61.52,59,20,10.36
309,Bushehr,IR,2021-06-02 21:02:03,28.9684,50.8385,88.68,55,0,11.23
310,Juneau,US,2021-06-02 21:02:03,58.3019,-134.4197,53.65,99,100,4.43
311,Dhone,IN,2021-06-02 21:02:03,15.4167,77.8833,84.83,61,88,7.99
312,Kandrian,PG,2021-06-02 21:02:04,-6.2167,149.55,77.56,92,99,5.73
313,Narsaq,GL,2021-06-02 21:02:04,60.9167,-46.05,48.42,77,100,11.32
314,Tual,ID,2021-06-02 21:02:04,-5.6667,132.75,82.04,78,100,19.15
315,Bassila,BJ,2021-06-02 21:02:05,9.0081,1.6654,80.65,61,73,4.97
316,Gorin,RU,2021-06-02 21:02:05,51.1983,136.6669,54.21,79,70,3.71
317,Orodara,BF,2021-06-02 21:02:05,10.9492,-4.9342,83.05,51,100,4.85
318,Susanville,US,2021-06-02 21:02:06,40.4163,-120.653,94.08,19,1,5.01
319,Bonavista,CA,2021-06-02 21:02:06,48.6499,-53.1147,54.72,75,75,12.03
320,Isla Mujeres,MX,2021-06-02 21:01:37,21.2311,-86.731,87.17,69,18,10.2
321,Mamlyutka,KZ,2021-06-02 21:02:06,54.9375,68.5394,54.09,66,29,5.64
322,Klaksvik,FO,2021-06-02 21:01:51,62.2266,-6.589,49.12,96,100,9.78
323,Nikolskoye,RU,2021-06-02 21:02:07,59.7035,30.7861,57.09,79,44,4.79
324,Beringovskiy,RU,2021-06-02 21:02:07,63.05,179.3167,32.63,77,41,7.54
325,Yekaterinovka,RU,2021-06-02 21:02:07,52.0508,44.3451,53.33,69,98,14.92
326,Acari,PE,2021-06-02 21:02:08,-15.4311,-74.6158,73.26,61,90,7.14
327,Quezon,PH,2021-06-02 21:02:08,7.7303,125.0989,70.95,93,100,1.34
328,Ondjiva,AO,2021-06-02 21:02:08,-17.0667,15.7333,58.24,30,19,7.85
329,Nantucket,US,2021-06-02 21:02:09,41.2835,-70.0995,69.62,78,1,6.91
330,Miri,MY,2021-06-02 21:02:09,4.4148,114.0089,76.55,92,100,4.61
331,Fukuma,JP,2021-06-02 21:02:09,33.7667,130.4667,71.29,76,100,4.25
332,Chengde,CN,2021-06-02 21:02:10,40.9725,117.9361,50.07,43,29,3.56
333,Praia Da Vitoria,PT,2021-06-02 21:02:10,38.7333,-27.0667,62.76,66,42,6.31
334,Mogadishu,SO,2021-06-02 21:02:10,2.0371,45.3438,78.44,84,62,16.82
335,Tadine,NC,2021-06-02 21:02:11,-21.55,167.8833,70.86,66,100,8.43
336,Meulaboh,ID,2021-06-02 21:02:11,4.1363,96.1285,77.83,88,100,3.0
337,Manokwari,ID,2021-06-02 21:02:11,-0.8667,134.0833,78.73,84,100,9.01
338,Sitka,US,2021-06-02 21:02:12,57.0531,-135.33,53.69,87,99,6.02
339,Diego De Almagro,CL,2021-06-02 21:02:12,-26.3667,-70.05,74.86,25,0,6.11
340,Hvide Sande,DK,2021-06-02 21:02:12,56.0045,8.1294,58.08,88,83,12.39
341,Pacifica,US,2021-06-02 21:00:48,37.6138,-122.4869,86.61,78,40,4.0
342,Sibolga,ID,2021-06-02 21:02:13,1.7427,98.7792,77.22,90,80,3.91
343,Dwarka,IN,2021-06-02 21:02:13,22.2394,68.9678,83.66,76,56,15.48
344,Neepawa,CA,2021-06-02 21:02:13,50.2289,-99.4664,83.8,39,97,14.16
345,Banda Aceh,ID,2021-06-02 21:02:14,5.5577,95.3222,79.92,83,100,7.23
346,Pacific Grove,US,2021-06-02 20:59:24,36.6177,-121.9166,87.15,79,47,5.99
347,Jaru,BR,2021-06-02 21:02:14,-10.4389,-62.4664,82.36,70,7,3.74
348,Tuy Hoa,VN,2021-06-02 21:02:14,13.0833,109.3,79.74,71,100,5.86
349,Lorengau,PG,2021-06-02 21:02:15,-2.0226,147.2712,77.41,91,100,2.89
350,Batagay,RU,2021-06-02 21:02:15,67.6333,134.6333,62.29,40,100,3.76
351,Tianmen,CN,2021-06-02 21:02:16,30.6516,113.1603,70.84,90,98,18.45
352,Aklavik,CA,2021-06-02 21:02:16,68.2191,-135.0107,39.15,78,100,5.01
353,Christchurch,NZ,2021-06-02 20:58:24,-43.5333,172.6333,41.02,92,1,3.44
354,Ahuimanu,US,2021-06-02 21:02:16,21.4447,-157.8378,83.75,64,92,10.87
355,San Luis,AR,2021-06-02 21:02:17,-33.295,-66.3356,64.45,46,4,7.83
356,Emerald,AU,2021-06-02 21:02:17,-23.5333,148.1667,62.74,100,90,3.44
357,Sukhovolya,UA,2021-06-02 21:02:17,49.8243,23.8377,46.62,87,0,0.0
358,Tabuk,PH,2021-06-02 21:02:18,17.4189,121.4443,77.34,84,98,6.08
359,Bud,US,2021-06-02 21:02:18,39.447,-86.1758,67.82,97,100,8.21
360,Cepu,ID,2021-06-02 21:02:18,-7.1475,111.5906,74.03,92,93,4.25
361,Jos,NG,2021-06-02 21:02:19,9.9167,8.9,71.19,74,82,3.96
362,Grahamstown,ZA,2021-06-02 21:02:19,-33.3042,26.5328,52.65,93,96,16.62
363,Lompoc,US,2021-06-02 20:58:46,34.6391,-120.4579,93.02,60,84,3.0
364,Anshun,CN,2021-06-02 21:02:19,26.25,105.9333,66.97,96,99,2.8
365,Mahebourg,MU,2021-06-02 21:02:20,-20.4081,57.7,76.24,71,69,18.05
366,Tira Sujanpur,IN,2021-06-02 21:02:20,31.8333,76.5,72.81,58,92,5.14
367,Boralday,KZ,2021-06-02 21:02:20,43.3578,76.8594,69.66,40,75,5.68
368,Ketchikan,US,2021-06-02 21:02:21,55.3422,-131.6461,53.58,93,100,5.03
369,Kisiwani,TZ,2021-06-02 21:02:21,-4.1333,37.95,66.34,94,77,1.77
370,Bokhan,RU,2021-06-02 21:02:21,53.153,103.7714,50.38,76,0,2.77
371,Gizo,SB,2021-06-02 21:02:22,-8.103,156.8419,81.09,78,88,5.1
372,Malanje,AO,2021-06-02 21:02:22,-9.5402,16.341,63.21,39,68,2.48
373,Sao Felix Do Xingu,BR,2021-06-02 21:02:22,-6.6447,-51.995,80.1,67,6,2.26
374,Goundam,ML,2021-06-02 21:02:22,16.4145,-3.6708,100.06,18,85,11.77
375,Nalut,LY,2021-06-02 21:02:23,30.3333,10.85,88.2,23,95,15.03
376,Newport,GB,2021-06-02 21:02:23,51.5877,-2.9984,67.17,85,84,6.44
377,Zuya,UA,2021-06-02 21:02:23,45.0531,34.3154,52.86,93,60,9.69
378,Mehamn,NO,2021-06-02 21:02:24,71.0357,27.8492,50.4,69,7,9.33
379,Magistralnyy,RU,2021-06-02 21:02:24,56.1725,107.4458,53.89,54,93,1.95
380,Puerto Wilches,CO,2021-06-02 21:02:25,7.3483,-73.896,90.52,56,88,2.86
381,Onguday,RU,2021-06-02 21:02:25,50.75,86.15,54.93,90,55,2.13
382,Flin Flon,CA,2021-06-02 21:00:09,54.7682,-101.865,82.4,32,75,10.36
383,Manitouwadge,CA,2021-06-02 21:02:25,49.1215,-85.8403,70.07,46,14,13.09
384,Misratah,LY,2021-06-02 21:02:26,32.3754,15.0925,73.17,73,99,18.25
385,Fairbanks,US,2021-06-02 20:59:50,64.8378,-147.7164,64.09,59,90,1.25
386,Kavaratti,IN,2021-06-02 21:02:26,10.5669,72.642,82.96,79,74,15.37
387,Kieta,PG,2021-06-02 21:02:27,-6.2167,155.6333,80.19,81,92,2.24
388,Pointe-Noire,CG,2021-06-02 21:02:27,-4.7761,11.8635,76.19,90,1,4.65
389,Port Moresby,PG,2021-06-02 21:01:24,-9.4431,147.1797,74.79,86,68,5.82
390,San Juan,AR,2021-06-02 21:00:26,-31.5375,-68.5364,78.73,32,0,4.07
391,Hambantota,LK,2021-06-02 21:02:27,6.1241,81.1185,79.63,84,99,16.04
392,Birao,CF,2021-06-02 21:02:28,10.2849,22.7882,80.06,59,74,8.34
393,Nago,JP,2021-06-02 21:02:28,26.5881,127.9761,78.87,94,100,8.12
394,Dera Ghazi Khan,PK,2021-06-02 21:02:10,30.0561,70.6348,91.85,30,13,5.59
395,Abu Samrah,SY,2021-06-02 21:02:29,35.3029,37.1841,63.86,53,0,5.08
396,Airai,TL,2021-06-02 21:01:24,-8.9266,125.4092,54.86,83,55,2.86
397,Gambela,ET,2021-06-02 21:02:29,8.25,34.5833,71.85,94,100,3.78
398,Ukiah,US,2021-06-02 21:02:29,39.1502,-123.2078,101.64,31,1,3.44
399,Morehead,US,2021-06-02 21:02:30,37.2711,-87.1764,75.83,90,90,6.91
400,Merauke,ID,2021-06-02 21:02:30,-8.4667,140.3333,76.57,89,81,11.14
401,Padang,ID,2021-06-02 21:01:27,-0.9492,100.3543,78.04,86,92,3.56
402,Noumea,NC,2021-06-02 21:00:04,-22.2763,166.4572,66.99,99,19,6.15
403,Quimper,FR,2021-06-02 21:02:30,48.0,-4.1,59.07,82,90,3.44
404,Orlik,RU,2021-06-02 21:02:31,52.5178,99.825,44.78,49,60,1.95
405,Nouadhibou,MR,2021-06-02 21:02:31,20.931,-17.0347,65.89,84,16,24.38
406,Caraquet,CA,2021-06-02 21:02:26,47.7941,-64.9386,60.22,62,48,9.35
407,Porto Velho,BR,2021-06-02 20:58:45,-8.7619,-63.9039,86.05,58,20,2.3
408,Chkalovskoye,RU,2021-06-02 21:02:32,44.8392,133.0436,57.47,93,100,6.04
409,Sur,OM,2021-06-02 21:02:32,22.5667,59.5289,93.31,39,2,10.78
410,Sao Lourenco Do Sul,BR,2021-06-02 21:02:32,-31.3653,-51.9783,57.88,73,28,6.49
411,Shelburne,CA,2021-06-02 21:00:44,44.0787,-80.2041,75.27,66,100,7.61
412,Waingapu,ID,2021-06-02 21:01:39,-9.6567,120.2641,76.01,87,4,7.31
413,Port Pirie,AU,2021-06-02 21:02:33,-33.1833,138.0167,53.69,93,1,3.94
414,Udachnyy,RU,2021-06-02 21:01:39,66.4167,112.4,62.56,57,81,4.88
415,Zyryanka,RU,2021-06-02 21:02:33,65.75,150.85,62.15,31,85,5.7
416,Ahipara,NZ,2021-06-02 21:02:34,-35.1667,173.1667,58.03,75,100,4.83
417,Palasa,IN,2021-06-02 21:02:34,18.7667,84.4167,82.06,74,0,5.44
418,Thinadhoo,MV,2021-06-02 21:01:42,0.5333,72.9333,82.33,75,57,15.99
419,Warwick,US,2021-06-02 21:02:21,41.7001,-71.4162,81.41,67,75,11.5
420,Tilichiki,RU,2021-06-02 21:02:34,60.4667,166.1,47.61,59,14,2.51
421,Polson,US,2021-06-02 21:02:35,47.6936,-114.1632,87.28,32,0,1.86
422,Bathsheba,BB,2021-06-02 21:02:35,13.2167,-59.5167,81.28,67,48,13.15
423,Hanna,CA,2021-06-02 21:02:35,51.6334,-111.9018,84.87,28,37,3.0
424,Vavozh,RU,2021-06-02 21:02:36,56.7751,51.931,45.86,78,46,6.87
425,San Ciro De Acosta,MX,2021-06-02 21:02:36,21.6333,-99.8167,83.71,47,100,15.39
426,Marana,US,2021-06-02 21:02:36,32.4367,-111.2254,103.62,10,1,11.5
427,Fremont,US,2021-06-02 21:02:31,37.5483,-121.9886,89.01,55,1,7.72
428,Raudeberg,NO,2021-06-02 21:02:37,61.9875,5.1352,64.0,67,54,11.3
429,Isagarh,IN,2021-06-02 21:02:37,24.8333,77.8833,87.46,34,25,9.82
430,Santo Antonio Do Amparo,BR,2021-06-02 21:02:37,-20.9464,-44.9189,67.12,63,40,1.28
431,Vossevangen,NO,2021-06-02 21:02:38,60.623,6.4229,63.5,53,29,4.36
432,Fort Nelson,CA,2021-06-02 21:00:07,58.8053,-122.7002,77.9,30,100,6.29
433,Cidreira,BR,2021-06-02 21:02:38,-30.1811,-50.2056,64.02,81,62,6.73
434,Atasu,KZ,2021-06-02 21:02:38,48.6814,71.6433,64.81,81,100,2.75
435,Brandenburg,DE,2021-06-02 21:02:39,52.4167,12.55,63.95,86,10,8.23
436,East London,ZA,2021-06-02 21:02:39,-33.0153,27.9116,60.44,81,79,17.81
437,Asosa,ET,2021-06-02 21:02:39,10.0667,34.5333,60.35,90,100,5.08
438,Winnemucca,US,2021-06-02 21:02:40,40.973,-117.7357,93.25,13,1,3.15
439,Katobu,ID,2021-06-02 21:02:40,-4.9408,122.5276,74.77,92,62,3.62
440,Chuy,UY,2021-06-02 21:02:40,-33.6971,-53.4616,56.01,65,63,10.49
441,Vengerovo,RU,2021-06-02 21:02:41,55.6848,76.7471,50.45,67,10,4.9
442,Baruun-Urt,MN,2021-06-02 21:02:41,46.6806,113.2792,44.4,61,92,11.1
443,Yangjiang,CN,2021-06-02 21:02:41,21.85,111.9667,80.64,93,99,6.13
444,Lata,PT,2021-06-02 21:02:41,40.1629,-8.3327,61.03,89,99,5.73
445,Antofagasta,CL,2021-06-02 21:02:42,-23.65,-70.4,65.08,72,27,4.21
446,Muborak,UZ,2021-06-02 21:02:42,39.2553,65.1528,87.94,14,0,9.48
447,Vestmannaeyjar,IS,2021-06-02 21:02:42,63.4427,-20.2734,47.39,71,0,6.91
448,Baoqing,CN,2021-06-02 21:02:43,46.3317,132.2111,57.42,92,100,13.2
449,Kisangani,CD,2021-06-02 21:02:43,0.5167,25.2,70.57,95,100,1.12
450,Nemuro,JP,2021-06-02 21:02:44,43.3236,145.575,48.63,100,100,4.43
451,Umm Kaddadah,SD,2021-06-02 21:02:44,13.6017,26.6876,91.69,32,98,13.24
452,San Angelo,US,2021-06-02 21:00:23,31.4638,-100.437,86.29,47,44,1.99
453,Laela,TZ,2021-06-02 21:02:44,-8.5667,32.05,60.78,67,79,3.02
454,Aras,ES,2021-06-02 21:02:45,42.5617,-2.356,67.8,64,0,0.78
455,Ranot,TH,2021-06-02 21:02:45,7.7777,100.3213,81.75,80,52,4.38
456,Sturgis,US,2021-06-02 21:02:45,41.7992,-85.4192,69.31,53,90,6.91
457,Muisne,EC,2021-06-02 21:02:46,0.6,-80.0333,77.9,79,93,8.99
458,Tupik,RU,2021-06-02 21:02:46,54.4253,119.9327,45.45,94,79,5.14
459,Kavieng,PG,2021-06-02 21:02:46,-2.5744,150.7967,81.07,78,98,5.28
460,Bohdan,UA,2021-06-02 21:02:47,48.0412,24.3522,49.19,93,100,3.83
461,Swift Current,CA,2021-06-02 21:00:07,50.2834,-107.8014,85.91,27,9,11.21
462,Vanimo,PG,2021-06-02 21:02:47,-2.6741,141.3028,76.62,86,96,2.84
463,Veraval,IN,2021-06-02 21:02:47,20.9,70.3667,82.67,79,1,10.65
464,Aksarka,RU,2021-06-02 21:02:48,66.5606,67.7975,34.72,70,56,13.82
465,Karratha,AU,2021-06-02 21:02:48,-20.7377,116.8463,69.94,36,100,17.6
466,Ngorongoro,TZ,2021-06-02 21:02:48,-3.2397,35.4875,49.95,80,67,3.76
467,Jackson,US,2021-06-02 20:58:35,42.4165,-122.8345,95.14,35,0,5.99
468,Ucluelet,CA,2021-06-02 20:59:49,48.9329,-125.5528,81.05,76,100,1.99
469,Coruripe,BR,2021-06-02 21:02:49,-10.1256,-36.1756,76.12,78,53,8.46
470,Puerto Madryn,AR,2021-06-02 21:02:16,-42.7692,-65.0385,51.21,48,100,9.13
471,Souillac,MU,2021-06-02 21:02:49,-20.5167,57.5167,76.35,74,52,16.89
472,Petropavlovsk-Kamchatskiy,RU,2021-06-02 21:02:50,53.0452,158.6483,45.19,66,64,6.51
473,Pangkalanbuun,ID,2021-06-02 21:02:50,-2.6833,111.6167,73.71,97,53,2.37
474,Andenes,NO,2021-06-02 21:02:12,69.3143,16.1194,52.07,87,15,4.61
475,La Reforma,MX,2021-06-02 21:02:50,25.0833,-108.05,98.74,34,14,13.09
476,Nanning,CN,2021-06-02 21:00:21,22.8167,108.3167,80.22,91,97,9.28
477,Khudumelapye,BW,2021-06-02 21:02:51,-23.8833,24.75,48.78,51,0,7.67
478,Clyde River,CA,2021-06-02 21:02:51,70.4692,-68.5914,26.83,100,90,10.36
479,Uchiza,PE,2021-06-02 21:02:52,-8.4592,-76.4633,84.33,63,94,0.78
480,Bessonovka,RU,2021-06-02 21:02:52,53.3097,45.0407,52.61,77,88,10.56
481,Axim,GH,2021-06-02 21:02:52,4.8699,-2.2405,80.64,82,100,8.61
482,Homer,US,2021-06-02 21:02:52,59.6425,-151.5483,59.07,76,93,10.0
483,Agadir,MA,2021-06-02 21:01:16,30.4202,-9.5982,66.65,74,100,0.31
484,Saint-Georges,GD,2021-06-02 21:01:12,12.0564,-61.7485,80.31,72,98,9.55
485,Vanavara,RU,2021-06-02 21:02:53,60.34,102.2797,55.13,52,1,5.17
486,San Pedro,PH,2021-06-02 21:02:53,14.35,121.0167,80.15,93,100,8.48
487,Hirara,JP,2021-06-02 21:02:54,24.8,125.2833,81.93,89,100,15.48
488,Lamu,KE,2021-06-02 21:02:54,-2.2717,40.902,78.19,80,32,13.89
489,Jiaozuo,CN,2021-06-02 21:02:54,35.2397,113.2331,72.1,54,100,6.04
490,West Milford,US,2021-06-02 21:02:55,41.1312,-74.3674,74.07,70,100,4.63
491,Hailar,CN,2021-06-02 21:02:55,49.2,119.7,46.96,82,100,7.02
492,Asadabad,IR,2021-06-02 21:02:55,34.7824,48.1185,66.2,29,0,2.44
493,Bon Accord,CA,2021-06-02 21:01:03,53.8335,-113.4187,85.62,41,89,5.84
494,Lethem,GY,2021-06-02 21:02:56,3.3803,-59.7968,84.29,74,68,2.8
495,Flinders,AU,2021-06-02 21:02:56,-34.5833,150.8552,58.37,82,100,4.03
496,Riwaka,NZ,2021-06-02 21:02:56,-41.0833,173.0,48.6,75,1,3.58
497,Caravelas,BR,2021-06-02 21:02:57,-17.7125,-39.2481,73.6,83,95,5.53
498,Turbat,PK,2021-06-02 21:02:57,26.0023,63.044,84.94,72,0,4.97
499,Hobyo,SO,2021-06-02 21:02:57,5.3505,48.5268,78.42,85,57,20.94
500,Huilong,CN,2021-06-02 21:02:58,31.8111,121.655,73.04,98,100,3.65
501,Oranjemund,NA,2021-06-02 21:02:09,-28.55,16.4333,59.14,52,0,8.77
502,Berlevag,NO,2021-06-02 21:02:58,70.8578,29.0864,55.2,65,6,9.66
503,Morgan City,US,2021-06-02 21:02:58,29.6994,-91.2068,87.8,74,75,8.88
504,Kulhudhuffushi,MV,2021-06-02 21:02:59,6.6221,73.07,82.67,76,74,20.49
505,Peace River,CA,2021-06-02 21:00:58,56.2501,-117.286,79.38,40,84,11.81
506,Oksfjord,NO,2021-06-02 21:02:59,70.2396,22.3479,55.47,58,9,0.36
507,Baghdad,IQ,2021-06-02 20:58:49,33.3406,44.4009,89.51,22,0,17.25
508,Mecca,SA,2021-06-02 21:02:51,21.4267,39.8261,94.53,24,38,3.69
509,Te Anau,NZ,2021-06-02 21:03:00,-45.4167,167.7167,43.27,93,59,1.72
510,Tazovskiy,RU,2021-06-02 21:03:00,67.4667,78.7,34.21,74,99,5.93
511,Quzhou,CN,2021-06-02 21:03:00,28.9594,118.8686,74.23,96,76,3.87
512,Tonj,SS,2021-06-02 21:03:01,7.2737,28.6822,78.3,68,100,3.78
513,Kitimat,CA,2021-06-02 21:03:01,54.0524,-128.6534,57.9,97,100,4.38
514,Luderitz,NA,2021-06-02 21:01:31,-26.6481,15.1594,67.37,29,0,16.42
515,Boa Vista,BR,2021-06-02 21:03:02,2.8197,-60.6733,91.38,46,75,3.44
516,Metro,ID,2021-06-02 21:03:02,-5.1131,105.3067,75.04,89,100,4.25
517,Kohlu,PK,2021-06-02 21:03:02,29.8962,69.252,81.34,37,0,1.21
518,Excelsior Springs,US,2021-06-02 21:02:31,39.3392,-94.2261,76.69,60,73,4.52
519,Yatou,CN,2021-06-02 21:03:03,37.15,122.3833,62.58,96,100,8.01
520,Gazli,UZ,2021-06-02 21:03:03,40.1333,63.45,89.42,20,0,10.98
521,Krasnogorodsk,RU,2021-06-02 21:03:03,56.8357,28.2822,54.48,73,50,4.12
522,Sencha,UA,2021-06-02 21:03:04,50.2548,33.346,54.72,77,100,15.79
523,Saint George,US,2021-06-02 20:59:56,37.1041,-113.5841,104.63,10,61,4.0
524,Mason City,US,2021-06-02 20:59:27,43.1536,-93.201,82.67,50,47,2.89
525,Palizada,MX,2021-06-02 21:03:05,18.25,-92.0833,98.96,26,61,8.16
526,Kamyshin,RU,2021-06-02 21:03:05,50.0983,45.416,60.1,85,100,15.28
527,Iskitim,RU,2021-06-02 21:03:05,54.6366,83.3045,57.25,94,91,6.87
528,Luau,AO,2021-06-02 21:03:06,-10.7073,22.2247,62.33,45,16,3.94
529,Bambanglipuro,ID,2021-06-02 21:03:06,-7.95,110.2833,61.61,90,17,4.05
530,Kangaatsiaq,GL,2021-06-02 21:03:06,68.3065,-53.4641,36.86,72,17,6.24
531,Tabou,CI,2021-06-02 21:03:06,4.423,-7.3528,79.68,83,33,7.94
532,Tabas,IR,2021-06-02 21:03:07,33.5959,56.9244,94.55,10,0,6.22
533,Hami,CN,2021-06-02 21:03:07,42.8,93.45,74.05,9,0,12.44
534,San Cristobal,VE,2021-06-02 21:03:07,7.7669,-72.225,76.96,69,90,3.47
535,Buraydah,SA,2021-06-02 21:03:08,26.326,43.975,93.47,11,2,6.89
536,Taoudenni,ML,2021-06-02 21:03:08,22.6783,-3.9836,104.07,10,58,11.01
537,Tombouctou,ML,2021-06-02 21:03:08,20.0,-3.0,98.24,8,16,9.44
538,Antalaha,MG,2021-06-02 21:03:09,-14.9003,50.2788,71.13,87,97,6.64
539,Cirebon,ID,2021-06-02 21:03:09,-6.7063,108.557,78.58,82,33,4.54
540,Puerto Del Rosario,ES,2021-06-02 21:03:09,28.5004,-13.8627,69.55,73,20,10.36
541,Marzuq,YE,2021-06-02 21:03:10,14.4,46.4667,78.53,52,100,3.67
542,Anantapur,IN,2021-06-02 21:03:10,14.6833,77.6,83.53,65,100,9.1
543,Whitehorse,CA,2021-06-02 21:00:07,60.7161,-135.0538,57.02,62,100,13.0
544,Camacupa,AO,2021-06-02 21:03:10,-12.0167,17.4833,58.41,41,18,3.8
545,Ayagoz,KZ,2021-06-02 21:03:11,47.9714,80.4392,66.54,50,33,5.32
546,Itarema,BR,2021-06-02 21:03:11,-2.9248,-39.9167,79.84,78,8,13.0
547,Mbanza-Ngungu,CD,2021-06-02 21:03:11,-5.25,14.8667,69.44,81,4,2.66
548,Hay River,CA,2021-06-02 21:00:08,60.8156,-115.7999,60.8,63,100,9.22
549,Arroio Grande,BR,2021-06-02 21:03:12,-32.2375,-53.0869,58.26,73,2,6.17
550,Dubbo,AU,2021-06-02 21:02:42,-32.25,148.6167,55.53,94,75,5.75
551,Kloulklubed,PW,2021-06-02 21:03:12,7.0419,134.2556,77.5,75,54,5.99
552,Rawson,AR,2021-06-02 21:01:00,-43.3002,-65.1023,48.81,54,100,8.97
553,Jining,CN,2021-06-02 21:03:12,35.405,116.5814,73.0,1,100,2.44
554,Itainopolis,BR,2021-06-02 21:03:13,-7.4469,-41.4783,92.16,28,59,7.38
555,Williams Lake,CA,2021-06-02 21:03:14,52.1415,-122.1445,75.22,25,100,5.01
556,Olafsvik,IS,2021-06-02 21:03:14,64.8945,-23.7142,45.16,78,42,9.51
557,Mangan,IN,2021-06-02 21:03:14,27.5167,88.5333,72.48,89,100,2.21
558,Loukhi,RU,2021-06-02 21:03:15,66.0764,33.0381,56.14,65,95,4.74
559,Jalalabad,AF,2021-06-02 21:01:39,34.4265,70.4515,84.97,29,0,1.57
560,Ishigaki,JP,2021-06-02 21:03:15,24.3448,124.1572,82.6,86,98,15.79
561,Huanan,CN,2021-06-02 21:03:15,46.2167,130.5167,58.35,92,99,8.52
562,Dinar,TR,2021-06-02 21:03:16,38.065,30.1656,57.16,64,7,3.31
563,Raga,SS,2021-06-02 21:03:16,8.4596,25.678,72.97,78,100,4.32
564,Xining,CN,2021-06-02 21:03:16,36.6167,101.7667,49.23,59,100,1.81
565,Hovd,MN,2021-06-02 21:03:17,48.0056,91.6419,61.47,35,26,4.94
566,Roald,NO,2021-06-02 21:03:17,62.5833,6.1333,63.16,67,0,8.05
567,Puerto Escondido,MX,2021-06-02 21:03:17,15.85,-97.0667,87.98,64,25,8.7
568,San Patricio,US,2021-06-02 21:02:24,28.017,-97.5169,91.49,62,48,11.97
569,Idritsa,RU,2021-06-02 21:03:18,56.3316,28.8988,56.03,70,100,4.43
570,Conneaut,US,2021-06-02 21:03:18,41.9476,-80.5542,70.92,89,100,4.52
571,Neuquen,AR,2021-06-02 21:03:19,-38.9516,-68.0591,57.4,41,90,5.3
572,Wuning,CN,2021-06-02 21:03:19,29.2589,120.2311,72.77,99,72,2.64
573,Ambon,ID,2021-06-02 21:03:19,-3.6954,128.1814,79.34,86,77,7.61
574,Pulandian,CN,2021-06-02 21:03:20,39.3953,121.9669,64.53,97,100,2.89
575,Bras-Panon,RE,2021-06-02 21:03:20,-20.9967,55.6782,73.06,80,99,14.72
576,Osakarovka,KZ,2021-06-02 21:03:20,50.565,72.5692,63.28,84,100,13.4
577,Wismar,DE,2021-06-02 21:03:21,53.9,11.4667,63.48,91,92,12.44
578,Jacareacanga,BR,2021-06-02 21:03:21,-6.2222,-57.7528,86.0,55,4,2.46
579,Roblin,CA,2021-06-02 21:00:44,51.23,-101.3565,80.37,42,68,15.88
580,Sola,VU,2021-06-02 21:01:15,-13.8833,167.55,79.52,80,100,25.26
581,Baoning,CN,2021-06-02 21:02:26,25.3378,110.026,76.15,99,99,1.36
582,Phan Thiet,VN,2021-06-02 21:03:22,10.9333,108.1,79.16,89,97,7.27
583,Zhigansk,RU,2021-06-02 21:03:22,66.7697,123.3711,56.89,73,100,13.78
584,Assiniboia,CA,2021-06-02 21:03:23,49.6334,-105.9845,86.29,24,31,11.63
585,Tessalit,ML,2021-06-02 21:03:23,20.1986,1.0114,98.02,7,36,2.95
586,Rusape,ZW,2021-06-02 21:03:23,-18.5278,32.1284,55.42,82,60,2.86
587,Cairns,AU,2021-06-02 21:03:24,-16.9167,145.7667,66.15,94,80,4.61
